AK47 Shady,xbl,Kyoshin
AK47 Shady,xbl,Pirate
AcruX_duclock_2,psn,Kyoshin
AcruX_duclock_2,psn,Pirate
Alemdar,uplay,Kyoshin
Alluos,uplay,Kyoshin
ArcticArmbands,psn,Kyoshin
ArcticArmbands,psn,Pirate
B1ACK DEATH 97,xbl,Tiandi
BEERS_MATE,uplay,Pirate
BEERS_MATE,uplay,Kyoshin
BEPlS.,uplay,Kyoshin
Big-Papi-SB-,psn,Kyoshin
Big-Papi-SB-,psn,Pirate
Boninz,psn,Shinobi
Casey___Legend,psn,Kensei
DIBZ-579,psn,Kyoshin
DSignOne,uplay,Pirate
DSignOne,uplay,Kyoshin
DarkMunchkin446,xbl,Kyoshin
Demon-Highlander,psn,Kyoshin
Demon-Highlander,psn,Pirate
Depthicc,psn,Kyoshin
Depthicc,psn,Pirate
Dio-Brando...,uplay,Kyoshin
EL_Humby,uplay,Pirate
EL_Humby,uplay,Kyoshin
EllenPage777,uplay,Pirate
EllenPage777,uplay,Medjay
EllenPage777,uplay,Kyoshin
En Claireity,xbl,Warlord
Evostevo445,xbl,Kyoshin
Evostevo445,xbl,Nobushi
Evostevo445,xbl,Nuxia
Evostevo445,xbl,Peacekeeper
Evostevo445,xbl,Shaman
Evostevo445,xbl,Shugoki
EzyEli63,xbl,Pirate
F w G Atlas,xbl,Kyoshin
Frostbyte117,xbl,Aramusha
Frostbyte117,xbl,Black Prior
Frostbyte117,xbl,Gladiator
Frostbyte117,xbl,Gryphon
Frostbyte117,xbl,Jiang Jun
Frostbyte117,xbl,Jormungandr
Frostbyte117,xbl,Lawbringer
Frostbyte117,xbl,Nobushi
Frostbyte117,xbl,Nuxia
Frostbyte117,xbl,Raider
Frostbyte117,xbl,Shaolin
Frostbyte117,xbl,Shinobi
Frostbyte117,xbl,Shugoki
Frostbyte117,xbl,Tiandi
Full metal E666,xbl,Kensei
Full metal E666,xbl,Kyoshin
Full metal E666,xbl,Aramusha
Full metal E666,xbl,Jiang Jun
Full metal E666,xbl,Hitokiri
Full metal E666,xbl,Jormungandr
Full metal E666,xbl,Highlander
Full metal E666,xbl,Shinobi
Full metal E666,xbl,Gladiator
Full metal E666,xbl,Nobushi
Full metal E666,xbl,Shaman
Full metal E666,xbl,Berserker
Full metal E666,xbl,Valkyrie
Full metal E666,xbl,Zhanhu
GEAXRS,xbl,Kyoshin
GS Kayotik,xbl,Kyoshin
GS Kayotik,xbl,Medjay
Hukaru,xbl,Pirate
InFLuX hT,xbl,Lawbringer
InorganicPort22,xbl,Kyoshin
InorganicPort22,xbl,Pirate
Ironbrow,uplay,Berserker
Ironbrow,uplay,Highlander
Ironbrow,uplay,Jiang Jun
Ironbrow,uplay,Jormungandr
Ironbrow,uplay,Nobushi
Ironbrow,uplay,Nuxia
Ironbrow,uplay,Orochi
Ironbrow,uplay,Peacekeeper
Ironbrow,uplay,Pirate
Ironbrow,uplay,Shaman
Ironbrow,uplay,Shaolin
Ironbrow,uplay,Shugoki
Ironbrow,uplay,Tiandi
Ironbrow,uplay,Valkyrie
Ironbrow,uplay,Warlord
Ironbrow,uplay,Warmonger
Ironbrow,uplay,Zhanhu
Jagerashmain937,xbl,Pirate
Jagerashmain937,xbl,Kyoshin
KeenMore,uplay,Medjay
KeenMore,uplay,Pirate
KeenMore,uplay,Kyoshin
KmartBikes,uplay,Pirate
Kumpel LuMpY,xbl,Orochi
LordVaedr,psn,Centurion
LordVaedr,psn,Gladiator
LordVaedr,psn,Highlander
LordVaedr,psn,Kyoshin
LordVaedr,psn,Shaman
LordVaedr,psn,Shaolin
LordVaedr,psn,Tiandi
LunarVerna,psn,Pirate
LunarVerna,psn,Kyoshin
MyLifeAlie20,xbl,Gryphon
MyLifeAlie20,xbl,Jiang Jun
MyLifeAlie20,xbl,Pirate
NanoCarbon3943,xbl,Kyoshin
Omenless,xbl,Warlord
Omenless,xbl,Zhanhu
Omenless,xbl,Shugoki
Omenless,xbl,Tiandi
Omenless,xbl,Shaman
Omenless,xbl,Jormungandr
Omenless,xbl,Gladiator
Omenless,xbl,Conqueror
Omenless,xbl,Pirate
Omenless,xbl,Valkyrie
PepegaPeepo,xbl,Shaolin
Program 01,xbl,Shinobi
Rouqe.aq,uplay,Kyoshin
SamuraiRikudo,uplay,Pirate
SamuraiRikudo,uplay,Kyoshin
Shumskaya,psn,Gryphon
Smugbent,uplay,Kyoshin
Smurfje.LMAO,uplay,Pirate
Smurfje.LMAO,uplay,Kyoshin
SpartaxOFWar,uplay,Pirate
SpartaxOFWar,uplay,Kyoshin
SquidSnakeFH,uplay,Highlander
Svoroda,uplay,Nuxia
THEMlNER290,psn,Pirate
Takeomeo,xbl,Kyoshin
Thatguymmm422,uplay,Raider
ToBobOrNotToBob,psn,Kyoshin
ToBobOrNotToBob,psn,Pirate
Tong562,psn,Gryphon
Tong562,psn,Hitokiri
Tong562,psn,Jormungandr
Tong562,psn,Kyoshin
Tong562,psn,Shaolin
Tong562,psn,Zhanhu
Trodi_tm,psn,Kyoshin
UncoverdSin,xbl,Kyoshin
UncoverdSin,xbl,Pirate
Vylify,xbl,Kyoshin
XIX Serenity,xbl,Shaolin
Ymir2148,xbl,Kyoshin
Ymir2148,xbl,Pirate
YugaGod,xbl,Kyoshin
YugaGod,xbl,Pirate
Zakmeoffnerd,xbl,Kyoshin
Zakmeoffnerd,xbl,Pirate
alien699948,psn,Pirate
alien699948,psn,Kyoshin
asvpxwills,psn,Kyoshin
asvpxwills,psn,Pirate
bubblegumgum40,xbl,Kyoshin
charbs419-,psn,Kyoshin
charbs419-,psn,Pirate
codec6432,psn,Nuxia
devocamo2003,psn,Kyoshin
devocamo2003,psn,Pirate
dsrvpter,psn,Kyoshin
dsrvpter,psn,Pirate
fsVia,psn,Aramusha
fsVia,psn,Jormungandr
guttah2010,xbl,Kyoshin
guttah2010,xbl,Pirate
icekILLER2001,psn,Kyoshin
icekILLER2001,psn,Pirate
koolpark,psn,Pirate
lil shmeat6161,xbl,Shaman
osquito,uplay,Berserker
osquito,uplay,Conqueror
osquito,uplay,Highlander
osquito,uplay,Shaman
osquito,uplay,Valkyrie
osquito,uplay,Warden
osquito,uplay,Warlord
regular_court,psn,Kyoshin
regular_court,psn,Pirate
sputnic74,xbl,Kyoshin
